user_id,subscription_type,user_journey
1516,Annual,Homepage-Log in-Other
3395,Annual,Other
10107,Annual,Homepage
11145,Monthly,Homepage-Log in
12400,Monthly,Homepage-Career tracks-Sign up-Log in
13082,Monthly,Checkout
14415,Monthly,Pricing-Sign up-Pricing-Sign up
15630,Annual,Log in
16589,Quarterly,Homepage-Career tracks-Homepage-Career tracks-Homepage-Career tracks-Homepage-Career tracks-Homepage-Pricing-Sign up
19458,Annual,Homepage-Sign up
20355,Monthly,Pricing-Courses-Career track certificate-Pricing
22679,Annual,Coupon
23292,Annual,Log in
24414,Annual,Coupon
31705,Annual,Homepage-Pricing-Career tracks
34689,Monthly,Log in
34912,Annual,Log in
37614,Annual,Pricing-Log in
37828,Annual,Homepage-Courses-Sign up-Log in
39452,Annual,Courses-Sign up-Log in
41200,Annual,Coupon
49669,Annual,Coupon
60084,Monthly,Other
71559,Annual,Coupon
72771,Monthly,Log in
74256,Annual,Sign up
75048,Annual,Resources center-Log in
82563,Monthly,Courses-Sign up
88208,Annual,Homepage-Career tracks-Pricing-Career tracks-Courses
96793,Annual,Homepage-Pricing
97516,Annual,Other
102461,Annual,Instructors-Pricing
105172,Annual,Other
105951,Annual,Coupon
108970,Annual,Homepage-Courses
110519,Annual,Coupon
120485,Monthly,Other
121047,Annual,Other-Log in
125167,Annual,Homepage-Sign up-Homepage-Career tracks-Sign up
126202,Annual,Resources center-Log in
135366,Annual,Homepage-Career tracks
142012,Monthly,Other-Log in
143885,Annual,Resources center-Courses-Resources center-Courses-Sign up
148246,Annual,Log in
150335,Annual,Homepage-Career track certificate
150418,Annual,Resources center-Other-Sign up
151003,Quarterly,Homepage-Pricing
152002,Annual,Resources center-Log in
152882,Monthly,Career tracks-Courses-Sign up-Log in
153570,Annual,Sign up
156771,Annual,Coupon
156880,Monthly,Courses-Pricing-Homepage-Career tracks-Courses
157143,Annual,Homepage-Upcoming courses-Log in-Sign up-Upcoming courses-Pricing-Checkout
158113,Monthly,Log in
160910,Annual,Homepage-Course certificate-Courses
161329,Annual,Homepage-Resources center-Homepage-Other-Pricing-Sign up-Pricing-Courses-Career track certificate-Career tracks-Sign up-Career tracks-Sign up
161523,Monthly,Homepage-Pricing-Sign up
161548,Annual,Other
162545,Monthly,Checkout
171697,Annual,Coupon
172645,Annual,Sign up-Pricing-Checkout
182313,Annual,Resources center-Log in
185224,Annual,Log in
185236,Annual,Homepage-Course certificate-Courses
185890,Annual,Log in
188451,Annual,Checkout-Homepage-Log in
191962,Annual,Log in
195227,Annual,Log in
202020,Annual,Homepage-Log in
203365,Annual,Homepage-Career track certificate-Sign up
204731,Annual,Other-Log in
209680,Annual,Homepage-Log in
212532,Annual,Coupon
217381,Annual,Coupon
219706,Monthly,Other
220511,Annual,Pricing-Log in
220744,Annual,Coupon
222389,Annual,Other-Career track certificate-Course certificate-Sign up-Log in
223121,Monthly,Homepage-Pricing-Homepage-Other-Homepage-Pricing
223597,Monthly,Other-Log in
223721,Annual,Log in
223777,Monthly,Log in
223883,Annual,Other
226950,Annual,Log in
227784,Annual,Course certificate-Career track certificate
227846,Annual,Coupon
228059,Annual,Log in
229602,Annual,Other
230961,Annual,Other
233544,Annual,Homepage-Log in
235712,Annual,Log in
236893,Quarterly,Homepage-Pricing-Log in
237247,Annual,Homepage-Log in
244110,Annual,Coupon
244693,Annual,Homepage-Log in
247070,Annual,Homepage-Pricing-Blog-Other-Log in
248835,Annual,Homepage-Log in
249736,Annual,Log in-Other
250430,Annual,Coupon
253512,Annual,Log in
255892,Annual,Pricing-Log in
256301,Monthly,Homepage-Course certificate-Upcoming courses-Course certificate-Upcoming courses-Career tracks-Career track certificate-Courses-Log in
256312,Annual,Coupon
258989,Monthly,Homepage-Resources center-Other
260579,Monthly,Homepage-Career tracks-Pricing-Log in-Sign up
261077,Annual,Log in
261624,Annual,Homepage-Pricing
262246,Monthly,Homepage-Log in
262728,Annual,Log in
262999,Annual,Log in
263101,Annual,Homepage-Log in
266371,Annual,Other-Log in-Other
267025,Annual,Homepage-Log in
267334,Monthly,Homepage-Courses-Course certificate-Courses
267719,Monthly,Career tracks-Sign up-Log in
267955,Annual,Other
269209,Annual,Log in
269345,Annual,Other
270317,Annual,Homepage-Sign up
271000,Annual,Homepage-Log in
271778,Annual,Coupon
272443,Monthly,Log in
273256,Annual,Log in
274222,Annual,Homepage-Courses
274586,Annual,Coupon
275657,Monthly,Other
277395,Monthly,Homepage-Log in
278099,Annual,Homepage-Career tracks
278257,Annual,Log in
279567,Annual,Pricing-Career track certificate-Pricing-Resources center
279886,Annual,Other-Log in
280244,Monthly,Homepage-Sign up-Homepage-Career tracks
281132,Annual,Homepage-Career track certificate-Sign up
282606,Annual,Homepage-Career track certificate-Sign up
282927,Annual,Courses
282998,Annual,Homepage-Career tracks-Homepage-Career tracks-Courses-Homepage-Resources center-Other-Courses-Career tracks-Courses-Career track certificate-Sign up
283073,Monthly,Other
284423,Annual,Courses
284947,Annual,Other-Career tracks-Sign up
285057,Annual,Homepage-Course certificate-Courses-Career tracks
285400,Annual,Other
286605,Annual,Homepage-Sign up
286986,Annual,Pricing-Courses-Sign up-Courses
287136,Monthly,Pricing-Sign up-Log in-Sign up
287530,Monthly,Career tracks-Courses-Career tracks-Sign up
288416,Monthly,Homepage-Pricing-Courses-Career tracks
289110,Quarterly,Other
289169,Annual,Homepage-Pricing-Sign up
289171,Annual,Other
289359,Monthly,Homepage-Other-Homepage-Pricing
289370,Monthly,Homepage-Sign up
289379,Quarterly,Other
289748,Annual,Homepage-Pricing-Checkout-Pricing-Career tracks
289842,Annual,Courses-Sign up
289919,Monthly,Other
289988,Monthly,Courses
290258,Monthly,Other-Pricing-Career track certificate-Course certificate-Career track certificate-Sign up-Career track certificate-Sign up
290289,Monthly,Homepage-Log in-Other-Sign up-Log in
290527,Annual,Other
291012,Monthly,Other-Career tracks-Courses-Sign up
291100,Monthly,Checkout
291598,Annual,Homepage-Career tracks
291921,Annual,Homepage-Career track certificate-Pricing-Checkout
292469,Annual,Pricing-Checkout-Homepage
292620,Annual,Homepage-Career track certificate-Log in
292886,Annual,Homepage-Sign up
293325,Annual,Coupon
293572,Annual,Other
293945,Annual,Homepage-Pricing-Upcoming courses-Career tracks-Sign up-Career tracks
294116,Monthly,Homepage-Pricing-Homepage
294736,Annual,Other-Career tracks-Pricing-Career tracks-Resources center-Course certificate
295049,Annual,Career track certificate-Sign up
295174,Monthly,Homepage-Pricing-Career track certificate-Course certificate-Career track certificate-Career tracks-Career track certificate-Career tracks
295176,Annual,Homepage
295682,Annual,Resources center-Other-Resources center
296305,Annual,Courses
296352,Annual,Other-Course certificate-Other-Courses-Course certificate-Pricing-Course certificate-Homepage-Courses-Sign up
296465,Monthly,Homepage-Sign up
296546,Monthly,Homepage-Sign up-Homepage-Course certificate-Career track certificate-Courses-Career tracks
296653,Annual,Pricing-Sign up
296961,Annual,Homepage-Pricing-Checkout-Homepage-Sign up
296983,Annual,Homepage-Sign up-Homepage-Pricing
297835,Monthly,Other
297962,Monthly,Other
298464,Annual,Other
299103,Annual,Other
299675,Annual,Log in
300083,Annual,Other
300455,Monthly,Homepage-Career tracks-Courses
301568,Annual,Log in
302683,Annual,Other
302942,Annual,Log in
303408,Monthly,Other
305004,Annual,Other
305785,Annual,Homepage-Sign up
305842,Monthly,Other
306397,Annual,Other
306406,Annual,Other
307149,Annual,Other
307235,Annual,Other
307546,Annual,Other
307602,Monthly,Other
307886,Monthly,Other
307902,Annual,Other
308007,Annual,Homepage
308457,Annual,Homepage
310357,Annual,Other
310671,Annual,Homepage-Sign up
310716,Annual,Other
311868,Annual,Other
311905,Annual,Homepage-Pricing
312454,Monthly,Career track certificate
312849,Annual,Courses-Pricing-Career track certificate
313048,Monthly,Other
314076,Annual,Homepage-Courses-Course certificate
314632,Annual,Other
314728,Monthly,Homepage-Career track certificate
315107,Annual,Other
315306,Annual,Other
316287,Annual,Other
316823,Annual,Other
316833,Annual,Other
316976,Annual,Other
318200,Annual,Checkout
319252,Monthly,Other
319493,Annual,Career tracks-Sign up
321978,Annual,Other
322021,Monthly,Career tracks-Sign up
322577,Annual,Other
323474,Annual,Other
324352,Annual,Other
324442,Monthly,Homepage
327915,Annual,Other
328922,Annual,Other
329390,Monthly,Other
329682,Annual,Other
330072,Monthly,Other
330572,Monthly,Other
330590,Annual,Homepage-Sign up
331693,Monthly,Other
333415,Monthly,Other
334108,Monthly,Other
335237,Monthly,Other
335407,Monthly,Homepage-Sign up
335698,Annual,Other
336819,Annual,Other
337006,Annual,Other
337895,Monthly,Homepage
338124,Monthly,Homepage-Career tracks-Courses-Career tracks-Courses-Career tracks-Homepage-Career tracks-Courses-Homepage-Career tracks-Homepage-Career tracks-Career track certificate
338181,Annual,Other
338212,Annual,Homepage-Sign up
338632,Monthly,Courses-Sign up
338845,Annual,Other
339582,Annual,Other
339958,Monthly,Other
341430,Annual,Other
342288,Monthly,Other
343619,Annual,Homepage-Pricing-Sign up
344014,Annual,Other
344040,Annual,Other
344695,Annual,Other
345171,Monthly,Homepage-Career tracks-Courses-Sign up
345439,Annual,Other
345526,Monthly,Courses-Sign up
345571,Annual,Other
346517,Monthly,Other
346769,Annual,Homepage-Course certificate-Sign up-Career track certificate-Career tracks-Career track certificate-Career tracks-Courses-Career tracks-Career track certificate-Career tracks
347303,Monthly,Other
347748,Annual,Pricing-Sign up
349826,Annual,Other
350751,Monthly,Homepage-Pricing-Sign up
351669,Quarterly,Homepage-Sign up
351796,Annual,Homepage-Pricing-Sign up
352062,Annual,Other
352098,Annual,Other
352376,Monthly,Other
353236,Annual,Other
353669,Monthly,Other
353878,Monthly,Homepage-Pricing-Courses-Career tracks-Upcoming courses
354201,Annual,Other
354683,Annual,Other
355056,Annual,Other
356489,Annual,Homepage-Courses-Career tracks-Courses-Sign up
357645,Monthly,Other
358019,Annual,Other
360808,Monthly,Other
361114,Annual,Log in
361752,Monthly,Homepage-Career tracks
362355,Monthly,Other
364433,Annual,Other
364769,Monthly,Pricing
365370,Annual,Career tracks
366045,Annual,Other
366537,Annual,Other
367401,Annual,Other
367711,Annual,Other
367955,Annual,Log in
369712,Monthly,Other
369845,Monthly,Checkout
370071,Quarterly,Other
371060,Monthly,Other
371087,Monthly,Other
371779,Annual,Other
376948,Monthly,Other
378467,Annual,Other
379140,Annual,Other
380790,Annual,Log in
381670,Annual,Other
384062,Annual,Sign up
387096,Annual,Homepage-Pricing-Checkout
387813,Annual,Homepage-Sign up
389689,Annual,Other
391783,Annual,Other
392228,Annual,Other
392235,Annual,Other
392285,Monthly,Sign up
393904,Annual,Other
394304,Annual,Homepage
394696,Monthly,Other
395521,Annual,Homepage-Courses-Homepage-Career tracks-Homepage-Career tracks-Homepage-Career tracks-Homepage
396099,Annual,Homepage-Career tracks-Sign up
396791,Annual,Other
397234,Monthly,Log in
397395,Annual,Homepage-Sign up
398805,Monthly,Log in
399029,Monthly,Other
401176,Monthly,Log in
402831,Annual,Homepage
403662,Monthly,Other
404128,Monthly,Other
406828,Monthly,Other
408209,Monthly,Other
409365,Monthly,Other
409856,Monthly,Log in
409908,Annual,Other
409923,Annual,Other
411342,Monthly,Other
411785,Annual,Log in-Pricing
412496,Annual,Other
412594,Monthly,Other
413004,Monthly,Other
413388,Annual,Other
413389,Monthly,Other
413937,Monthly,Homepage-Log in-Sign up
415429,Monthly,Log in
416030,Monthly,Other
416191,Annual,Other
416252,Annual,Other
417291,Annual,Log in
419662,Annual,Other
422145,Annual,Homepage
422502,Annual,Other
424430,Monthly,Log in
424647,Annual,Other
425604,Annual,Other
426125,Annual,Checkout
426242,Annual,Homepage-Career tracks-Courses
426843,Annual,Homepage-Courses-Upcoming courses-Pricing-Resources center
427084,Monthly,Other
430496,Monthly,Homepage-Career track certificate
431537,Monthly,Other
431959,Monthly,Other
432001,Annual,Other
432224,Annual,Other
433243,Annual,Homepage-Course certificate-Sign up-Homepage-Courses-Sign up-Homepage-Courses
434169,Annual,Other
434675,Annual,Other
434958,Annual,Other
435391,Monthly,Homepage-Pricing-Sign up
436554,Annual,Homepage-Pricing-Career tracks-Courses-Career tracks
437668,Annual,Other
437976,Monthly,Other
438159,Monthly,Log in
439941,Annual,Career track certificate-Sign up
441122,Annual,Career track certificate-Pricing-Sign up
444315,Annual,Other
444322,Quarterly,Homepage-Log in
445812,Annual,Other
446564,Annual,Other
448260,Annual,Other
448561,Annual,Sign up
448776,Annual,Log in
451138,Monthly,Sign up
451530,Annual,Other
451998,Annual,Other
452301,Annual,Checkout
452465,Monthly,Sign up
452803,Annual,Coupon
453232,Monthly,Sign up
453489,Annual,Log in
453696,Monthly,Career track certificate-Career tracks-Courses-Career tracks-Sign up
454131,Annual,Sign up
454272,Annual,Sign up
454460,Annual,Coupon
454551,Annual,Other
454643,Monthly,Coupon
454666,Annual,Log in
454953,Monthly,Sign up
455041,Quarterly,Sign up
455122,Annual,Career tracks-Courses
455204,Monthly,Courses
455234,Annual,Log in
455343,Annual,Checkout
455568,Annual,Homepage-Log in
456100,Annual,Sign up
456261,Monthly,Sign up
456271,Annual,Log in
456277,Annual,Other
456808,Annual,Career tracks
456907,Monthly,Other
456953,Annual,Resources center-Career tracks-Sign up
456993,Annual,Homepage-Sign up
457261,Monthly,Homepage-Sign up
457417,Monthly,Log in-Sign up
457609,Annual,Homepage-Sign up
458068,Quarterly,Log in-Sign up
458392,Annual,Log in
458421,Quarterly,Homepage-Pricing-Homepage-Sign up
458604,Monthly,Log in
458926,Annual,Homepage-Sign up
459141,Monthly,Sign up
459147,Annual,Other
459170,Annual,Other-Courses
459364,Annual,Pricing-Checkout-Homepage-Resources center-Sign up
459409,Annual,Other-Career tracks-Sign up
459494,Monthly,Other
459526,Annual,Homepage-Career track certificate-Sign up
459560,Monthly,Homepage-Career tracks-Pricing-Courses-Sign up
459756,Annual,Homepage-Courses-Pricing-Checkout
459946,Annual,Homepage-Pricing-Courses-Career tracks
460104,Monthly,Homepage-Sign up
460122,Monthly,Homepage-Sign up
460469,Annual,Homepage-Courses-Sign up
460480,Annual,Other
460665,Annual,Homepage-Sign up-Pricing-Sign up
460879,Quarterly,Homepage-Course certificate-Upcoming courses
460950,Monthly,Homepage-Courses-Career tracks-Sign up-Career tracks-Pricing-Career track certificate-Courses-Sign up
461029,Annual,Homepage-Sign up
461046,Annual,Courses-Sign up
461150,Annual,Courses
461171,Quarterly,Other-Courses-Career tracks-Sign up
461311,Annual,Homepage-Career tracks-Course certificate-Courses-Pricing
461458,Annual,Pricing-Sign up-Pricing
461513,Annual,Homepage-Resources center-Other-Resources center-Other
461729,Annual,Pricing-Sign up
461745,Monthly,Other
461840,Quarterly,Homepage-Sign up
461865,Monthly,Homepage-Pricing-Homepage-Courses-Pricing-Homepage-Courses-Pricing
461948,Monthly,Career tracks-Sign up
461953,Annual,Homepage-Courses-Sign up-Courses-Career tracks-Sign up
461955,Monthly,Homepage-Courses-Pricing-Sign up
461995,Annual,Homepage-Log in
462048,Quarterly,Homepage-Pricing
462077,Monthly,Homepage-Sign up
462149,Quarterly,Homepage-Course certificate
462159,Annual,Other-Sign up
462167,Monthly,Homepage-Pricing-Career tracks-Sign up
462188,Monthly,Sign up
462221,Monthly,Career tracks-Courses
462281,Monthly,Other
462370,Monthly,Other
462426,Annual,Coupon
462441,Annual,Coupon
462449,Annual,Homepage-Courses-Pricing
462467,Annual,Resources center-Other
462471,Annual,Coupon
462473,Annual,Coupon
462474,Monthly,Other-Course certificate-Pricing-Career track certificate-Log in-Sign up
462484,Monthly,Coupon
462488,Monthly,Other
462489,Annual,Homepage-Pricing-Upcoming courses-Career tracks-Sign up-Career tracks-Career track certificate-Resources center
462514,Quarterly,Sign up-Log in
462541,Annual,Homepage-Career tracks-Course certificate-Courses-Course certificate-Resources center
462585,Monthly,Homepage-Log in
462624,Annual,Other
462643,Annual,Log in
462667,Annual,Upcoming courses-Pricing-Courses-Homepage
462670,Quarterly,Homepage-Sign up-Homepage-Pricing-Sign up
462672,Annual,Courses-Sign up
462697,Annual,Homepage-Career track certificate-Resources center
462703,Monthly,Homepage-Sign up
462720,Monthly,Sign up
462746,Monthly,Coupon
462826,Monthly,Homepage-Sign up
462852,Monthly,Pricing-Career track certificate-Career tracks-Career track certificate-Career tracks
462855,Annual,Coupon
462884,Annual,Homepage-Log in
462890,Annual,Homepage-Pricing-Checkout
462919,Annual,Homepage-Courses-Career tracks-Course certificate-Courses-Sign up-Courses-Sign up
462930,Annual,Coupon
462967,Annual,Other
462971,Annual,Homepage-Career track certificate-Homepage-Career track certificate-Career tracks-Sign up
463014,Annual,Homepage-Career tracks-Homepage-Career tracks-Pricing
463084,Monthly,Other
463110,Monthly,Homepage-Sign up
463116,Monthly,Other-Sign up
463172,Annual,Pricing-Career track certificate-Career tracks-Career track certificate-Career tracks-Career track certificate-Career tracks-Career track certificate-Course certificate-Courses-Pricing-Courses-Resources center-Pricing
463183,Annual,Homepage-Sign up
463200,Monthly,Other
463224,Monthly,Homepage-Sign up
463226,Annual,Coupon
463227,Monthly,Homepage-Sign up
463254,Annual,Coupon
463277,Quarterly,Homepage-Pricing-Career track certificate
463289,Annual,Homepage-Log in
463347,Annual,Coupon
463385,Annual,Coupon
463411,Annual,Resources center-Career track certificate-Sign up
463421,Annual,Homepage-Pricing-Sign up
463432,Monthly,Homepage-Career track certificate-Career tracks-Sign up
463477,Annual,Homepage-Career tracks-Career track certificate-Courses-Sign up
463513,Monthly,Homepage-Pricing-Courses
463550,Annual,Homepage-Sign up
463570,Annual,Coupon
463693,Annual,Homepage-Sign up
463722,Annual,Homepage-Sign up-Homepage-Courses-Career tracks-Homepage-Sign up-Homepage-Career track certificate
463728,Monthly,Other-Career track certificate-Career tracks-Career track certificate-Career tracks-Sign up
463745,Monthly,Homepage-Courses-Career tracks-Career track certificate-Pricing
463779,Monthly,Courses-Log in
463827,Annual,Pricing-Career tracks-Courses-Pricing-Sign up
463832,Monthly,Other-Course certificate-Courses-Homepage-Sign up-Homepage-Career tracks-Sign up
463857,Annual,Homepage-Pricing-Log in-Sign up
463897,Monthly,Homepage-Sign up
463917,Annual,Other
463935,Monthly,Homepage-Sign up
463972,Monthly,Homepage-Career tracks-Sign up
464079,Monthly,Homepage-Sign up
464103,Monthly,Career track certificate-Sign up
464203,Annual,Other
464290,Annual,Homepage-Courses
464327,Monthly,Homepage-Courses-Sign up
464385,Monthly,Homepage-Career track certificate-Sign up-Career track certificate-Pricing-Sign up
464451,Monthly,Homepage-Course certificate-Sign up-Course certificate-Pricing-Checkout-Pricing
464483,Monthly,Homepage-Career track certificate-Homepage-Course certificate-Pricing
464502,Annual,Homepage-Courses-Career tracks-Sign up
464521,Monthly,Homepage-Career tracks-Pricing
464574,Monthly,Courses-Sign up-Courses-Sign up
464591,Annual,Other-Sign up
464638,Monthly,Homepage-Sign up
464651,Monthly,Courses-Sign up-Courses-Pricing
464652,Annual,Homepage-Career tracks-Homepage-Career tracks-Sign up
464686,Annual,Homepage-Courses-Sign up
464705,Annual,Homepage-Career tracks-Sign up-Homepage-Pricing-Sign up
464722,Annual,Coupon
464724,Annual,Homepage-Courses-Sign up
464748,Annual,Homepage-Log in
464912,Annual,Homepage-Courses-Sign up-Courses-Pricing-Courses
464935,Annual,Coupon
464947,Annual,Homepage-Courses
464977,Annual,Homepage-Pricing-Career track certificate-Career tracks-Career track certificate-Career tracks-Career track certificate-Career tracks-Career track certificate
465040,Annual,Courses-Sign up
465074,Monthly,Homepage-Course certificate
465077,Annual,Coupon
465094,Annual,Sign up
465102,Annual,Other-Log in-Other
465104,Quarterly,Other
465169,Annual,Coupon
465191,Monthly,Career tracks-Pricing
465234,Annual,Coupon
465283,Monthly,Other
465285,Annual,Career tracks-Courses
465312,Annual,Pricing-Courses
465335,Monthly,Homepage-Pricing-Courses-Career track certificate-Career tracks
465337,Annual,Homepage-Sign up
465355,Annual,Coupon
465382,Annual,Homepage-Pricing-Courses
465421,Annual,Homepage-Courses-Career tracks-Homepage-Resources center-Homepage
465461,Annual,Other
465499,Annual,Homepage-Pricing-Sign up
465517,Annual,Career tracks-Sign up
465520,Annual,Other
465530,Monthly,Other-Courses-Sign up
465532,Annual,Homepage-Courses
465554,Monthly,Homepage-Pricing-Checkout-Pricing-Courses-Career tracks-Pricing-Homepage
465581,Monthly,Homepage-Career tracks-Courses-Pricing-Blog
465609,Monthly,Homepage-Pricing-Homepage-Pricing-Courses-Career tracks-Homepage-Sign up-Homepage
465628,Annual,Other
465641,Annual,Coupon
465663,Annual,Homepage-Career track certificate-Sign up-Career track certificate-Career tracks
465719,Annual,Homepage-Career tracks-Homepage-Career tracks-Other-Career tracks-Homepage-Career tracks-Homepage-Career tracks-Homepage
465730,Annual,Homepage-Sign up
465740,Annual,Sign up
465748,Annual,Log in-Sign up
465756,Annual,Other-Courses
465781,Annual,Other-Career track certificate-Career tracks-Courses-Sign up
465804,Annual,Pricing-Sign up
465807,Annual,Homepage-Log in-Sign up
465840,Monthly,Homepage-Career tracks-Courses-Sign up
465848,Annual,Career tracks-Sign up-Career tracks
465867,Monthly,Homepage-Career tracks-Homepage-Career tracks-Homepage-Career tracks-Resources center-Upcoming courses-Resources center-Other-Success stories
465874,Annual,Coupon
465998,Annual,Sign up
466030,Annual,Courses-Course certificate-Courses
466043,Annual,Homepage-Sign up-Pricing-Resources center-Course certificate-Homepage-Upcoming courses
466071,Monthly,Homepage-Sign up
466109,Annual,Other-Sign up
466111,Monthly,Homepage-Sign up
466117,Monthly,Homepage-Pricing-Checkout-Pricing
466119,Annual,Homepage-Career tracks-Sign up
466154,Annual,Homepage-Sign up
466168,Annual,Coupon
466193,Annual,Coupon
466212,Annual,Coupon
466215,Monthly,Homepage-Sign up
466220,Monthly,Homepage-Pricing-Checkout
466225,Annual,Sign up
466226,Annual,Coupon
466229,Annual,Pricing-Checkout
466232,Annual,Log in
466233,Annual,Coupon
466237,Annual,Homepage-Pricing
466244,Annual,Coupon
466257,Annual,Homepage-Career track certificate-Sign up-Career track certificate-Pricing-Upcoming courses-Courses-Career tracks-Sign up-Career tracks-Courses-Sign up
466258,Annual,Other
466266,Annual,Coupon
466268,Annual,Coupon-Homepage-Course certificate-Courses
466273,Annual,Pricing-Courses
466277,Annual,Coupon
466282,Annual,Coupon
466309,Annual,Homepage-Course certificate
466333,Annual,Homepage-Pricing-Checkout-Pricing-Career track certificate-Resources center-Other-Resources center-Other-Resources center-Career tracks-Pricing
466348,Annual,Coupon
466373,Annual,Coupon
466381,Annual,Homepage-Career tracks
466385,Annual,Other
466388,Annual,Coupon
466391,Annual,Courses-Pricing-Sign up
466393,Annual,Coupon
466394,Annual,Homepage-Courses
466399,Monthly,Homepage-Pricing-Sign up
466405,Annual,Homepage-Pricing-Career tracks-Sign up
466416,Annual,Homepage-Sign up
466418,Annual,Coupon
466427,Annual,Homepage-Pricing-Checkout-Pricing-Checkout-Homepage-Courses
466431,Annual,Homepage-Career track certificate
466444,Annual,Homepage-Sign up-Log in
466453,Annual,Homepage-Courses-Career tracks
466454,Annual,Courses-Career track certificate-Sign up-Career track certificate-Career tracks
466456,Annual,Homepage-Courses-Career tracks-Upcoming courses-Courses-Sign up
466464,Annual,Homepage-Career track certificate-Career tracks-Courses-Career tracks-Courses-Career tracks-Career track certificate-Career tracks-Pricing-Career track certificate-Homepage-Sign up
466468,Annual,Homepage-Courses-Sign up-Courses
466492,Annual,Coupon
466496,Annual,Coupon
466499,Annual,Homepage-Career tracks-Sign up
466502,Annual,Coupon
466505,Annual,Homepage-Pricing-Homepage
466507,Annual,Homepage-Courses-Career tracks-Upcoming courses-Courses-Career track certificate-Resources center-Pricing-Homepage
466508,Annual,Coupon
466514,Annual,Coupon
466515,Annual,Other-Pricing-Courses-Upcoming courses-Resources center-Instructors
466516,Annual,Log in
466517,Annual,Coupon
466525,Annual,Coupon
466527,Annual,Homepage-Pricing-Career track certificate-Course certificate-Resources center-Career tracks
466529,Annual,Coupon
466537,Annual,Homepage-Courses
466544,Annual,Coupon
466560,Monthly,Sign up
466577,Monthly,Coupon
466591,Quarterly,Homepage-Career track certificate-Courses
466593,Annual,Coupon
466596,Annual,Homepage-Career tracks-Pricing-Checkout
466600,Annual,Homepage-Courses
466603,Annual,Homepage-Log in
466606,Annual,Homepage-Pricing-Checkout
466614,Annual,Homepage-Career tracks-Homepage-Resources center
466616,Annual,Homepage-Sign up-Homepage-Sign up
466619,Annual,Homepage-Career track certificate-Coupon
466620,Annual,Homepage-Log in
466622,Annual,Coupon
466643,Annual,Career tracks
466653,Annual,Coupon
466654,Annual,Homepage-Sign up
466669,Monthly,Courses-Sign up-Log in
466671,Annual,Homepage-Sign up
466682,Annual,Coupon
466688,Annual,Homepage-Courses-Career tracks-Sign up
466707,Annual,Coupon
466717,Annual,Coupon
466719,Annual,Coupon
466733,Annual,Homepage-Pricing-Resources center-Other-Log in
466756,Annual,Coupon
466760,Annual,Coupon
466765,Annual,Pricing-Course certificate
466795,Annual,Coupon
466809,Annual,Homepage-Pricing-Checkout-Pricing-Career tracks-Courses-Career tracks-Courses-Career tracks-Courses
466821,Annual,Courses-Career tracks-Pricing-Career track certificate-Course certificate-Upcoming courses-Other-Career tracks
466828,Annual,Homepage-Career track certificate-Career tracks-Courses-Pricing
466879,Quarterly,Other-Sign up
466883,Annual,Coupon
466887,Annual,Homepage-Blog-Other-Blog-Other
466889,Annual,Career tracks-Sign up
466893,Quarterly,Other-Courses
466904,Annual,Coupon
466907,Annual,Coupon
466911,Annual,Homepage-Courses-Homepage-Career tracks
466913,Monthly,Homepage-Career tracks-Homepage-Courses
466928,Annual,Log in
466937,Annual,Coupon
466938,Annual,Homepage-Pricing-Career track certificate-Courses-Career tracks-Success stories
466939,Annual,Other
466944,Monthly,Courses-Sign up-Career tracks-Sign up-Log in-Other-Log in-Checkout
466969,Annual,Homepage-Career tracks-Courses-Career tracks
466992,Annual,Coupon
466997,Annual,Coupon
467007,Annual,Coupon
467017,Annual,Coupon
467044,Annual,Career tracks-Sign up-Career tracks-Sign up
467061,Annual,Coupon
467064,Annual,Coupon
467093,Annual,Homepage-Career tracks
467107,Monthly,Homepage-Pricing-Career tracks-Sign up-Career tracks-Career track certificate-Courses-Career tracks-Resources center
467133,Annual,Coupon
467148,Annual,Homepage-Courses
467164,Annual,Courses-Sign up-Courses-Log in-Sign up
467173,Annual,Homepage-Sign up
467175,Annual,Coupon
467188,Annual,Homepage-Pricing-Sign up
467205,Annual,Coupon
467210,Annual,Coupon
467212,Annual,Homepage-Pricing
467213,Annual,Homepage-Pricing-Checkout-Pricing-Checkout-Pricing-Courses
467238,Annual,Homepage-Sign up
467244,Annual,Homepage-Career tracks-Courses-Resources center
467246,Monthly,Sign up
467261,Annual,Coupon
467287,Annual,Homepage-Courses-Sign up-Courses-Career track certificate-Sign up
467366,Annual,Career track certificate-Courses
467374,Monthly,Homepage-Pricing
467382,Annual,Coupon
467385,Annual,Coupon
467397,Annual,Sign up
467402,Annual,Homepage-Courses
467405,Monthly,Homepage-Course certificate-Sign up
467411,Monthly,Courses-Sign up
467418,Annual,Sign up
467422,Annual,Log in-Sign up
467423,Annual,Log in
467437,Monthly,Homepage-Career track certificate-Pricing-Sign up
467442,Monthly,Other
467448,Annual,Homepage-Career tracks-Homepage-Career tracks-Homepage-Career tracks-Homepage
467457,Annual,Homepage-Pricing-Courses
467460,Annual,Other-Career track certificate
467473,Annual,Log in-Sign up
467479,Monthly,Homepage-Courses-Sign up
467499,Annual,Log in
467521,Annual,Homepage-Sign up
467526,Annual,Homepage-Pricing-Resources center-Course certificate-Courses-Upcoming courses
467548,Annual,Homepage-Career track certificate-Career tracks-Sign up-Log in
467576,Annual,Coupon
467593,Annual,Sign up
467603,Annual,Courses-Sign up
467641,Annual,Other-Course certificate-Career track certificate-Resources center
467646,Annual,Coupon
467667,Annual,Coupon
467671,Annual,Coupon
467675,Annual,Career track certificate-Career tracks-Courses
467689,Annual,Career tracks-Course certificate-Career tracks-Courses-Pricing
467691,Annual,Coupon
467695,Annual,Homepage-Pricing
467723,Annual,Log in-Sign up-Log in
467742,Annual,Homepage-Career tracks-Homepage-Career track certificate-Course certificate
467756,Annual,Coupon
467758,Annual,Coupon
467779,Annual,Coupon
467787,Monthly,Homepage-Resources center-Courses-Sign up
467795,Annual,Homepage-Pricing-Courses
467797,Monthly,Coupon
467800,Annual,Courses-Sign up
467805,Annual,Homepage-Courses-Blog-Other
467816,Annual,Coupon
467823,Quarterly,Courses-Sign up
467854,Annual,Log in-Sign up-Log in
467856,Annual,Homepage-Pricing-Checkout-Pricing-Sign up
467872,Quarterly,Homepage-Career track certificate-Sign up-Log in
467890,Annual,Coupon
467894,Annual,Homepage-Log in
467899,Annual,Homepage-Log in-Homepage-Log in-Homepage-Pricing-Homepage-Pricing-Checkout
467901,Annual,Coupon
467903,Annual,Other-Log in
467904,Annual,Homepage-Pricing-Courses
467925,Annual,Coupon
467938,Monthly,Homepage-Sign up
467955,Annual,Coupon
467961,Annual,Other-Career track certificate-Sign up-Career track certificate-Career tracks-Career track certificate-Career tracks
468030,Annual,Homepage-Log in
468083,Annual,Pricing-Course certificate-Upcoming courses
468096,Annual,Coupon
468114,Annual,Courses-Sign up
468126,Annual,Homepage-Career tracks-Pricing
468130,Annual,Other
468139,Monthly,Homepage-Sign up
468159,Annual,Courses
468179,Monthly,Other
468198,Annual,Homepage-Career tracks-Sign up
468201,Annual,Homepage-Courses-Career track certificate
468214,Annual,Homepage-Pricing
468216,Annual,Homepage-Pricing-Courses
468224,Annual,Homepage-Career tracks-Sign up-Career tracks-Sign up-Career tracks
468228,Annual,Homepage-Courses-Career tracks-Upcoming courses-Resources center-Pricing
468240,Annual,Homepage-Career track certificate
468243,Annual,Homepage-Course certificate-Resources center-Courses
468247,Annual,Coupon
468261,Annual,Coupon
468264,Annual,Coupon
468278,Annual,Other
468298,Annual,Coupon
468319,Annual,Coupon
468346,Annual,Other-Career track certificate-Courses-Career tracks-Upcoming courses-Courses
468397,Annual,Homepage-Career track certificate
468402,Annual,Coupon
468407,Annual,Coupon
468413,Monthly,Courses-Sign up
468417,Annual,Homepage-Career tracks
468426,Annual,Homepage-Pricing
468450,Monthly,Other-Career track certificate-Career tracks
468460,Annual,Homepage-Pricing-Checkout
468485,Annual,Homepage-Career tracks
468537,Annual,Coupon
468539,Annual,Coupon
468547,Annual,Pricing-Checkout-Pricing-Sign up
468549,Annual,Courses-Sign up-Log in-Sign up
468570,Monthly,Homepage-Course certificate-Courses-Pricing-Sign up
468582,Annual,Homepage-Pricing-Checkout
468603,Annual,Coupon
468605,Annual,Homepage-Courses-Career tracks-Upcoming courses-Career track certificate-Pricing-Courses-Career track certificate-Career tracks
468634,Annual,Coupon
468670,Annual,Coupon
468682,Monthly,Other-Pricing-Courses-Pricing-Sign up
468685,Annual,Homepage-Courses-Sign up
468702,Annual,Homepage-Career tracks-Sign up
468709,Annual,Coupon
468710,Annual,Coupon
468715,Annual,Homepage-Pricing-Resources center-Career tracks-Courses
468750,Annual,Homepage-Career track certificate-Homepage-Career track certificate-Course certificate-Courses
468754,Annual,Homepage-Career tracks-Sign up
468768,Annual,Coupon
468772,Monthly,Homepage-Career tracks-Sign up
468777,Monthly,Other
468833,Quarterly,Pricing-Sign up
468839,Monthly,Log in
468844,Annual,Homepage-Career track certificate-Course certificate-Career track certificate-Course certificate-Career track certificate-Career tracks
468847,Annual,Homepage-Pricing-Career track certificate
468859,Annual,Coupon
468869,Annual,Homepage-Pricing-Homepage
468897,Annual,Other-Sign up
468906,Annual,Homepage-Career tracks-Courses-Sign up-Homepage
468907,Annual,Other
468910,Annual,Other-Courses-Career track certificate
468914,Annual,Homepage-Courses
468915,Annual,Coupon
468917,Annual,Coupon
468920,Annual,Homepage-Courses-Sign up
468927,Monthly,Other-Career tracks
468961,Annual,Courses-Sign up
468970,Annual,Coupon
468973,Annual,Coupon
468978,Annual,Coupon
469008,Annual,Coupon
469021,Annual,Coupon
469024,Annual,Coupon
469060,Annual,Other
469068,Annual,Homepage-Pricing
469073,Annual,Homepage-Career tracks-Homepage-Career tracks-Homepage-Career tracks
469094,Annual,Homepage-Pricing-Resources center-Other-Sign up
469102,Annual,Coupon
469106,Annual,Homepage-Courses-Sign up-Courses-Career track certificate-Resources center-Other
469121,Annual,Homepage-Pricing-Homepage
469129,Annual,Other-Career track certificate
469132,Annual,Coupon
469140,Annual,Courses-Other
469146,Annual,Coupon
469153,Annual,Coupon
469162,Monthly,Homepage-Courses-Career tracks-Sign up
469209,Monthly,Other
469214,Monthly,Homepage-Sign up
469228,Monthly,Sign up
469313,Monthly,Log in-Other-Homepage
469323,Monthly,Homepage-Courses-Sign up
469356,Annual,Courses-Sign up-Courses-Pricing-Resources center-Pricing-Sign up
469375,Annual,Other
469383,Monthly,Homepage-Sign up
469398,Monthly,Other-Sign up
469410,Annual,Homepage-Courses
469479,Annual,Homepage-Sign up-Homepage-Career track certificate-Course certificate-Career track certificate-Pricing-Sign up-Pricing
469533,Annual,Homepage-Sign up
469709,Monthly,Courses-Sign up
469721,Monthly,Log in-Other
469785,Monthly,Log in
469859,Annual,Other
469922,Annual,Other
469931,Monthly,Sign up
469961,Annual,Homepage-Pricing-Homepage-Career tracks-Courses-Homepage-Pricing-Checkout
469993,Annual,Homepage-Pricing-Courses-Homepage-Career track certificate-Career tracks-Career track certificate-Career tracks-Pricing-Checkout
470028,Annual,Homepage-Pricing-Checkout-Pricing-Courses
470102,Quarterly,Sign up
470224,Monthly,Homepage-Courses-Pricing-Sign up
470262,Monthly,Courses-Sign up
470307,Annual,Career tracks-Sign up
470344,Monthly,Pricing-Sign up
470350,Quarterly,Homepage-Log in
470366,Monthly,Homepage-Sign up
470403,Monthly,Homepage-Pricing-Courses-Career track certificate-Courses-Resources center
470435,Monthly,Homepage-Career tracks-Sign up
470437,Monthly,Homepage-Career tracks-Sign up
470478,Monthly,Sign up
470656,Monthly,Homepage-Career track certificate-Pricing-Courses-Sign up
470950,Annual,Homepage-Log in
470963,Annual,Homepage-Sign up
471001,Monthly,Career tracks-Courses-Career tracks-Courses-Career tracks-Courses-Sign up
471019,Monthly,Homepage-Log in
471234,Annual,Other-Courses
471328,Annual,Coupon
471413,Annual,Homepage-Career tracks-Pricing
471435,Annual,Homepage-Courses
471544,Monthly,Homepage-Sign up
471607,Annual,Homepage-Sign up
471616,Monthly,Pricing-Sign up
471625,Annual,Log in
471666,Monthly,Log in-Other-Sign up
471686,Annual,Homepage-Career tracks-Sign up
471772,Annual,Coupon
471779,Annual,Homepage-Sign up
471876,Annual,Other
471896,Annual,Homepage-Sign up-Homepage-Pricing
471936,Monthly,Courses-Sign up-Courses-Sign up
472133,Monthly,Career tracks-Courses
472275,Monthly,Homepage-Sign up
472292,Monthly,Homepage-Career track certificate-Courses-Homepage-Sign up
472312,Annual,Pricing-Checkout
472385,Monthly,Courses-Pricing
472395,Monthly,Sign up
472407,Monthly,Homepage-Sign up
472417,Monthly,Homepage-Sign up
472504,Annual,Coupon
472534,Monthly,Homepage-Pricing-Sign up
472536,Annual,Homepage-Pricing-Checkout-Pricing-Resources center-Pricing-Checkout
472540,Monthly,Homepage-Courses-Sign up
472587,Monthly,Other
472640,Annual,Courses-Sign up
472714,Monthly,Courses-Sign up
472764,Quarterly,Courses-Sign up
472824,Monthly,Homepage-Sign up-Homepage-Courses-Sign up
472863,Monthly,Career tracks-Pricing-Sign up
472904,Annual,Coupon
472929,Annual,Homepage-Log in
473149,Monthly,Career tracks-Sign up
473220,Monthly,Homepage-Career track certificate
473226,Annual,Homepage-Sign up
473235,Annual,Coupon
473288,Monthly,Other
473320,Monthly,Homepage-Courses-Sign up
473362,Annual,Homepage-Courses-Pricing
473410,Annual,Homepage-Sign up
473521,Annual,Homepage-Sign up-Homepage-Pricing-Sign up-Pricing-Sign up
473558,Monthly,Sign up
473590,Annual,Courses-Sign up
473658,Monthly,Homepage-Sign up
473724,Monthly,Other-Sign up-Course certificate-Career track certificate-Sign up-Course certificate-Career track certificate-Career tracks-Sign up
473762,Annual,Homepage-Resources center-Other-Resources center-Homepage-Career track certificate-Career tracks-Sign up-Career tracks
473792,Annual,Homepage-Sign up
473826,Monthly,Homepage-Career tracks-Homepage-Career tracks-Homepage-Career tracks-Homepage-Career tracks-Sign up
473972,Monthly,Homepage-Career tracks-Sign up
473973,Monthly,Homepage-Sign up
473999,Monthly,Courses-Sign up
474038,Monthly,Homepage-Courses-Pricing-Resources center-Career tracks-Upcoming courses-Career tracks-Upcoming courses-Courses-Sign up-Courses-Course certificate-Career tracks-Courses-Sign up-Courses-Sign up
474142,Annual,Homepage-Career track certificate
474143,Monthly,Homepage-Course certificate-Sign up-Course certificate-Pricing
474256,Monthly,Log in-Sign up
474346,Monthly,Homepage-Career tracks-Sign up
474383,Monthly,Homepage-Sign up-Log in
474403,Monthly,Sign up
474406,Monthly,Homepage-Sign up
474415,Annual,Homepage-Sign up
474515,Annual,Coupon
474521,Annual,Homepage-Career tracks-Homepage-Career tracks-Sign up
474592,Monthly,Homepage-Career tracks-Pricing-Checkout
474730,Monthly,Homepage-Career tracks-Sign up
474972,Monthly,Homepage-Course certificate-Career track certificate-Career tracks-Pricing-Career track certificate-Career tracks-Sign up
474983,Annual,Homepage-Career track certificate-Career tracks-Courses-Pricing
475039,Annual,Homepage-Career tracks-Sign up-Career tracks-Pricing-Sign up
475043,Annual,Homepage-Sign up
475078,Monthly,Homepage-Pricing
475136,Annual,Homepage-Log in
475159,Annual,Homepage-Career tracks-Sign up
475286,Monthly,Log in-Career track certificate-Sign up-Career track certificate-Log in
475366,Quarterly,Homepage-Career tracks-Courses-Sign up
475623,Monthly,Homepage-Pricing-Courses
475698,Monthly,Homepage-Career tracks-Sign up
475701,Monthly,Homepage-Career tracks-Courses-Career tracks-Career track certificate-Courses-Course certificate-Career track certificate-Career tracks
475747,Monthly,Pricing-Checkout-Homepage-Sign up
475774,Annual,Coupon
475782,Annual,Homepage-Courses
475920,Annual,Coupon
475985,Annual,Other
475991,Annual,Homepage-Sign up-Homepage-Course certificate-Career track certificate-Courses-Sign up
476068,Annual,Pricing-Sign up
476069,Monthly,Sign up
476093,Annual,Coupon
476098,Monthly,Other
476110,Monthly,Homepage-Sign up
476129,Annual,Coupon
476251,Annual,Other
476302,Monthly,Coupon
476566,Monthly,Homepage-Courses-Sign up-Homepage-Career tracks-Sign up
476580,Monthly,Homepage-Pricing-Courses-Pricing-Sign up
476763,Monthly,Other-Course certificate-Sign up
476848,Monthly,Homepage-Courses
477022,Monthly,Coupon
477323,Monthly,Instructors-Career track certificate-Career tracks-Courses-Career tracks-Homepage
477463,Monthly,Homepage-Career tracks-Sign up-Career tracks-Sign up-Career tracks-Courses-Career tracks-Courses-Career tracks-Courses-Career tracks-Courses-Career tracks-Courses-Career tracks-Courses-Career tracks-Pricing
477604,Monthly,Homepage-Log in
477976,Monthly,Homepage-Courses-Homepage-Sign up
478040,Monthly,Homepage-Sign up
478049,Quarterly,Homepage-Sign up-Homepage
478081,Monthly,Homepage-Sign up
478228,Quarterly,Homepage-Log in
478251,Monthly,Courses-Sign up
478314,Annual,Coupon
478421,Annual,Coupon
478854,Annual,Coupon
478956,Monthly,Homepage-Sign up
479048,Annual,Other
479087,Annual,Other
479115,Annual,Other
479150,Monthly,Courses-Sign up
479193,Monthly,Courses-Sign up
479260,Annual,Homepage-Courses
479276,Annual,Homepage-Instructors
479353,Annual,Homepage-Courses-Career tracks-Career track certificate-Course certificate-Pricing-Sign up
479372,Monthly,Checkout
479391,Quarterly,Pricing-Checkout
479498,Annual,Coupon
479504,Annual,Other
479574,Monthly,Homepage-Career track certificate-Sign up-Career track certificate-Pricing
479580,Annual,Coupon
479607,Annual,Coupon
479981,Monthly,Homepage-Career tracks-Homepage-Career tracks-Homepage-Career tracks-Sign up
479986,Annual,Other
480532,Annual,Coupon
480615,Monthly,Other
480655,Annual,Sign up
480663,Monthly,Homepage-Career tracks-Pricing
480685,Monthly,Homepage-Course certificate-Pricing-Courses
481147,Annual,Other
481415,Annual,Other
481441,Monthly,Homepage-Log in
481765,Annual,Other
481795,Annual,Homepage-Pricing-Sign up
481817,Annual,Other
481898,Monthly,Other
481937,Annual,Other
482184,Annual,Other
482290,Annual,Homepage-Pricing-Career track certificate-Sign up-Pricing-Courses-Course certificate-Courses-Career tracks-Courses-Career tracks-Pricing
482356,Annual,Other
482517,Annual,Other
483339,Monthly,Log in-Sign up
483547,Annual,Other
483659,Monthly,Other
483925,Annual,Other-Pricing
484742,Annual,Other
484804,Annual,Other
484842,Annual,Homepage-Courses-Sign up-Courses-Log in-Sign up
484881,Annual,Homepage-Sign up-Homepage-Pricing-Career track certificate-Courses-Homepage-Pricing-Career tracks-Courses-Career tracks-Other-Career track certificate
485413,Annual,Other
485840,Monthly,Homepage-Courses-Homepage-Sign up
486037,Annual,Other
486142,Annual,Other
486414,Monthly,Courses-Sign up
486523,Quarterly,Homepage-Pricing
486604,Annual,Homepage-Pricing
486612,Quarterly,Other
486736,Annual,Other
486754,Annual,Other
486891,Quarterly,Other
487499,Annual,Other
487565,Annual,Other
487592,Quarterly,Homepage-Courses-Pricing
487692,Annual,Other
487732,Annual,Coupon
487797,Annual,Other
488323,Annual,Homepage-Courses-Sign up
488416,Monthly,Courses-Sign up
488474,Annual,Other
488477,Annual,Homepage-Sign up
488590,Annual,Other
489020,Annual,Other
489300,Annual,Coupon
489305,Annual,Coupon
489409,Annual,Other
489757,Monthly,Other
489879,Monthly,Homepage-Career tracks-Homepage-Career tracks-Sign up-Career tracks-Sign up
490234,Quarterly,Other
490287,Monthly,Homepage-Pricing-Upcoming courses-Courses-Upcoming courses-Sign up
490310,Annual,Other-Courses-Pricing
490353,Annual,Other
490581,Monthly,Career tracks-Sign up
490645,Monthly,Homepage-Pricing
490646,Annual,Coupon
490648,Monthly,Other
490935,Annual,Other
491365,Annual,Other
491597,Annual,Homepage-Sign up-Log in
491618,Annual,Homepage-Pricing
491840,Annual,Homepage-Career tracks-Sign up
492088,Annual,Other
492205,Annual,Other
492224,Monthly,Homepage-Course certificate-Pricing-Career track certificate
492312,Annual,Coupon
492615,Annual,Other
493209,Monthly,Homepage-Career track certificate-Course certificate-Courses-Career tracks-Sign up
493296,Annual,Homepage-Sign up
493332,Monthly,Career tracks-Sign up
493343,Monthly,Homepage-Sign up
493403,Annual,Homepage-Pricing-Career track certificate-Course certificate-Courses
493439,Monthly,Other
493510,Annual,Other
493723,Monthly,Homepage-Career tracks-Courses
493781,Annual,Coupon
493914,Annual,Pricing-Courses-Career track certificate-Career tracks-Courses-Sign up
493923,Annual,Homepage-Sign up
494199,Annual,Other
494374,Annual,Other
494682,Annual,Pricing-Sign up
494927,Monthly,Courses-Sign up
495071,Monthly,Pricing-Course certificate-Sign up-Course certificate-Sign up
495307,Monthly,Homepage-Courses-Sign up
495474,Monthly,Homepage-Career tracks-Pricing-Career tracks-Homepage-Career tracks-Courses-Career tracks-Courses
495483,Monthly,Homepage-Career tracks
495629,Annual,Other
495825,Monthly,Coupon
496115,Annual,Other
496165,Monthly,Homepage-Career tracks
496423,Annual,Homepage-Courses
496453,Annual,Coupon
496848,Annual,Homepage-Career tracks-Sign up
497046,Annual,Other
497091,Monthly,Courses-Sign up
497190,Annual,Other
497224,Monthly,Homepage-Pricing-Sign up
497322,Monthly,Homepage-Pricing-Career tracks-Upcoming courses-Courses-Sign up
497334,Annual,Other
497350,Monthly,Other-Sign up
497639,Annual,Other
497756,Annual,Sign up
497762,Annual,Other
497915,Annual,Other
498038,Annual,Other
498125,Annual,Other
498261,Quarterly,Homepage-Sign up
498365,Annual,Sign up
498498,Annual,Other
498940,Monthly,Homepage-Pricing-Sign up
499050,Annual,Other
499238,Annual,Homepage-Courses-Career tracks-Courses-Pricing-Career track certificate-Course certificate-Courses-Career tracks-Courses-Upcoming courses-Courses
499260,Monthly,Other-Career track certificate-Career tracks-Sign up
499330,Annual,Other
499528,Quarterly,Homepage-Career tracks-Sign up
499589,Monthly,Homepage-Pricing-Sign up
499672,Annual,Coupon
499673,Annual,Courses
499862,Annual,Other-Sign up
499933,Annual,Homepage-Pricing-Checkout-Homepage-Sign up
500168,Quarterly,Homepage-Sign up
500200,Annual,Other
500308,Monthly,Homepage-Career track certificate-Career tracks-Sign up-Log in
500312,Monthly,Courses-Sign up
500355,Annual,Homepage-Pricing-Course certificate-Career track certificate-Sign up
500378,Monthly,Coupon
500825,Annual,Checkout
501344,Monthly,Homepage-Sign up
501416,Monthly,Homepage-Sign up
501470,Annual,Other
501885,Annual,Other
501988,Annual,Homepage-Pricing
502006,Annual,Homepage-Coupon
502134,Monthly,Other
502254,Annual,Blog-Courses-Sign up
502308,Annual,Other
502376,Annual,Other
502668,Annual,Homepage-Resources center-Career track certificate-Career tracks-Career track certificate-Career tracks-Pricing-Career tracks
502735,Monthly,Homepage-Pricing-Checkout-Pricing-Checkout
502790,Annual,Other
502903,Annual,Other-Log in
502912,Annual,Homepage-Career tracks-Pricing-Career track certificate-Sign up-Career track certificate-Courses-Career tracks-Courses-Upcoming courses-Course certificate-Pricing-Courses-Career tracks-Courses-Pricing-Resources center-Other
503051,Monthly,Homepage-Courses-Career tracks
503167,Annual,Other
503546,Monthly,Other-Pricing
503566,Annual,Other
503767,Annual,Other
503908,Monthly,Courses-Sign up-Courses
503971,Monthly,Other
504016,Annual,Other
504294,Annual,Homepage-Sign up
504553,Annual,Homepage
504586,Monthly,Homepage-Courses-Career tracks-Pricing
504600,Monthly,Other
504674,Annual,Homepage-Career tracks-Pricing-Courses-Homepage-Other-Success stories-Homepage-Career tracks-Sign up-Career tracks-Pricing-Sign up-Homepage
504676,Monthly,Other
504774,Annual,Homepage-Sign up-Homepage-Pricing-Homepage
504782,Annual,Homepage-Career tracks-Courses
504791,Monthly,Other
504888,Monthly,Other
505304,Annual,Coupon
505452,Annual,Coupon
505460,Monthly,Other-Pricing-Sign up
505724,Monthly,Homepage-Career tracks-Sign up
505730,Annual,Homepage-Sign up
505829,Annual,Homepage-Pricing
505995,Quarterly,Coupon
505998,Monthly,Courses-Pricing-Checkout
506093,Quarterly,Courses-Sign up
506161,Annual,Homepage-Sign up
506207,Annual,Coupon
506260,Monthly,Other-Courses-Sign up
506325,Annual,Other
506360,Annual,Homepage-Courses-Resources center
506506,Annual,Other-Sign up
506888,Annual,Coupon
506959,Annual,Homepage-Sign up
506966,Annual,Other
506968,Annual,Coupon
506991,Annual,Other
506994,Annual,Log in
507008,Annual,Other-Log in
507103,Annual,Homepage-Sign up-Homepage-Pricing-Career track certificate-Sign up-Log in
507135,Annual,Other
507142,Annual,Homepage-Pricing
507144,Annual,Homepage-Sign up
507205,Annual,Homepage-Sign up
507213,Annual,Homepage-Career tracks
507236,Annual,Other-Coupon
507241,Annual,Other
507254,Annual,Homepage-Courses
507294,Monthly,Other-Career tracks
507302,Annual,Homepage-Pricing-Sign up
507315,Annual,Other
507387,Annual,Other
507395,Annual,Homepage-Sign up
507402,Annual,Homepage-Course certificate-Career track certificate-Courses-Pricing-Career track certificate-Courses-Success stories-Career tracks
507411,Annual,Homepage-Pricing-Checkout-Pricing-Career track certificate-Success stories-About us-Homepage
507416,Annual,Coupon
507423,Annual,Other
507454,Monthly,Other
507553,Annual,Career track certificate-Sign up-Career track certificate-Sign up
507580,Annual,Homepage-Career tracks-Pricing-Sign up-Homepage
507605,Annual,Other-Coupon
507618,Annual,Homepage-Pricing-Resources center-Courses-Log in-Sign up
507622,Annual,Homepage-Courses-Pricing-Sign up
507623,Annual,Homepage-Courses-Course certificate-Career track certificate-Career tracks-Career track certificate-Career tracks-Career track certificate-Career tracks-Career track certificate-Career tracks-Career track certificate-Career tracks-Career track certificate-Career tracks-Career track certificate-Career tracks-Sign up
507646,Annual,Other
507648,Annual,Homepage-Pricing-Sign up
507721,Annual,Other
507729,Annual,Career tracks-Sign up-Log in
507730,Annual,Other-Coupon
507741,Annual,Other-Coupon
507781,Annual,Homepage-Career tracks-Courses-Sign up-Homepage-Career tracks-Courses
507801,Annual,Resources center-Other
507806,Annual,Other
507822,Annual,Other
507828,Annual,Homepage-Courses
507874,Annual,Other
507910,Annual,Homepage-Log in
507925,Annual,Homepage-Courses
507951,Annual,Other
508005,Monthly,Homepage-Course certificate-Career track certificate-Sign up-Courses-Career tracks-Courses-Pricing-Courses-Career tracks-Courses-Career tracks-Courses
508008,Annual,Homepage-Other-Course certificate-Career track certificate
508014,Annual,Homepage-Resources center-Career tracks-Courses
508024,Annual,Homepage-Pricing-Checkout-Pricing-Sign up
508066,Annual,Other
508080,Annual,Homepage-Career tracks-Other-Career tracks-Instructors-Courses-Sign up
508084,Monthly,Homepage-Log in
508094,Annual,Other
508102,Annual,Homepage-Career tracks
508114,Annual,Homepage-Sign up
508131,Monthly,Other
508174,Annual,Homepage-Career tracks
508175,Annual,Coupon
508189,Annual,Other
508221,Annual,Homepage-Pricing-Log in-Sign up
508240,Annual,Other
508243,Annual,Homepage-Courses
508326,Annual,Other
508337,Annual,Other-Coupon
508361,Annual,Homepage-Pricing-Log in-Sign up
508384,Monthly,Homepage-Pricing-Resources center-Courses-Sign up
508408,Annual,Other
508429,Annual,Homepage-Career track certificate-Sign up-Career track certificate-Courses
508454,Annual,Other-Career track certificate-Courses
508469,Annual,Other-Coupon
508474,Annual,Other
508476,Monthly,Other
508492,Monthly,Other
508496,Annual,Coupon
508506,Annual,Other
508507,Annual,Homepage-Courses-Career tracks-Courses-Pricing
508546,Annual,Homepage-Sign up
508638,Annual,Other
508647,Annual,Homepage-Pricing-Checkout-Pricing-Courses-Career track certificate-Course certificate-Pricing
508649,Monthly,Other
508655,Annual,Homepage-Pricing-Career tracks-Courses
508670,Annual,Homepage-Log in
508686,Annual,Other
508704,Annual,Homepage-Courses
508750,Annual,Other
508752,Annual,Other-Career tracks-Courses-Sign up
508770,Annual,Other
508784,Annual,Log in
508796,Annual,Other
508809,Annual,Homepage-Pricing-Courses-Career tracks-Courses
508829,Annual,Other
508848,Annual,Coupon
508849,Annual,Other-Coupon
508853,Annual,Coupon
508867,Annual,Homepage-Courses
508880,Annual,Homepage-Pricing-Courses-Resources center-Career track certificate-Homepage
508887,Annual,Homepage-Pricing
508892,Monthly,Courses-Sign up
508894,Annual,Coupon
508901,Annual,Other
508902,Annual,Other-Coupon
508903,Annual,Other-Coupon
508905,Annual,Coupon
508909,Annual,Other
508917,Annual,Coupon
508926,Annual,Coupon
508928,Annual,Homepage-Pricing
508931,Annual,Coupon
508949,Annual,Other
508956,Annual,Homepage-Career track certificate-Career tracks
508961,Annual,Coupon
508965,Annual,Coupon
508969,Annual,Coupon
508977,Annual,Other-Pricing
508982,Annual,Homepage-Sign up
508985,Annual,Coupon
508990,Annual,Coupon
508994,Annual,Coupon
509000,Annual,Homepage-Pricing-Upcoming courses
509016,Annual,Coupon
509017,Annual,Homepage-Sign up-Homepage-Courses-Homepage-Career tracks
509028,Annual,Other
509032,Annual,Coupon
509036,Annual,Other
509057,Annual,Homepage-Upcoming courses
509060,Annual,Other
509061,Annual,Coupon
509085,Annual,Coupon
509095,Annual,Other
509096,Annual,Other-Coupon
